{
  "ablation": "sgd_optimizer",
  "train_losses": [
    1.0135925023452095,
    0.6256624330645022,
    0.5545930551446002,
    0.699927876824918,
    0.4853797671587571
  ],
  "val_losses": [
    2.4207459688186646,
    0.7550050616264343,
    0.7241155624389648,
    1.421711254119873,
    0.5282979965209961
  ],
  "val_f1s": [
    0.42371334867442806,
    0.7202282229487523,
    0.7229356571005203,
    0.4836927178752867,
    0.8068031447891867
  ],
  "test_macro_f1": 0.8232498488052115,
  "seed": 42,
  "epochs": 5,
  "batch_size": 32,
  "model": "ResNet18",
  "num_classes": 6
}