{
  "ablation": "no_augmentation",
  "train_losses": [
    0.9530249704485354,
    0.2823094942647478,
    0.11889991698705632,
    0.07463635836282502,
    0.04398765443297832
  ],
  "val_losses": [
    0.6073186218738555,
    0.25466186702251437,
    0.18264116644859313,
    0.13670041393488647,
    0.11731984540820121
  ],
  "val_f1s": [
    0.7788171037092523,
    0.90605802814664,
    0.9410157475374866,
    0.9440644693268955,
    0.9468599033816426
  ],
  "test_macro_f1": 0.953036354326677,
  "seed": 42,
  "epochs": 5,
  "batch_size": 32,
  "model": "ResNet18",
  "num_classes": 6
}