{
  "train_losses": [
    0.9995187520980835,
    0.4335348204426143,
    0.2675867138997368,
    0.2249479316498922,
    0.14899106437097426
  ],
  "val_losses": [
    0.6745474100112915,
    0.5375369489192963,
    0.45860256552696227,
    0.3895085573196411,
    0.26408631950616834
  ],
  "val_f1s": [
    0.7200985242953163,
    0.7607717448094135,
    0.809938361247455,
    0.804603762583389,
    0.9035428838270173
  ],
  "test_macro_f1": 0.9316695819318387,
  "seed": 42,
  "epochs": 5,
  "batch_size": 32,
  "lr": 0.0001,
  "model": "ResNet18",
  "num_classes": 6
}